<ImportExportXml version="8.1.0001.1140" SolutionPackageVersion="8.1" languagecode="1033" generatedBy="CrmLive" xmlns:xsi="http://www.w3.org/2001/XMLSchema-instance">
  <SolutionManifest>
    <UniqueName>ChangeTrackingSolution</UniqueName>
    <LocalizedNames>
      <LocalizedName description="Change Tracking Solution" languagecode="1033" />
    </LocalizedNames>
    <Descriptions>
      <Description description="Includes components required for Change Tracking Solution." languagecode="1033" />
    </Descriptions>
    <Version>1.0</Version>
    <Managed>1</Managed>
    <Publisher>
      <UniqueName>MicrosoftLabs</UniqueName>
      <LocalizedNames>
        <LocalizedName description="Microsoft Labs" languagecode="1033" />
      </LocalizedNames>
      <Descriptions>
        <Description description="Publisher for Microsoft Labs" languagecode="1033" />
      </Descriptions>
      <EMailAddress xsi:nil="true"></EMailAddress>
      <SupportingWebsiteUrl xsi:nil="true"></SupportingWebsiteUrl>
      <CustomizationPrefix>msdyn</CustomizationPrefix>
      <CustomizationOptionValuePrefix>19235</CustomizationOptionValuePrefix>
      <Addresses>
        <Address>
          <AddressNumber>1</AddressNumber>
          <AddressTypeCode>1</AddressTypeCode>
          <City xsi:nil="true"></City>
          <County xsi:nil="true"></County>
          <Country xsi:nil="true"></Country>
          <Fax xsi:nil="true"></Fax>
          <FreightTermsCode xsi:nil="true"></FreightTermsCode>
          <ImportSequenceNumber xsi:nil="true"></ImportSequenceNumber>
          <Latitude xsi:nil="true"></Latitude>
          <Line1 xsi:nil="true"></Line1>
          <Line2 xsi:nil="true"></Line2>
          <Line3 xsi:nil="true"></Line3>
          <Longitude xsi:nil="true"></Longitude>
          <Name xsi:nil="true"></Name>
          <PostalCode xsi:nil="true"></PostalCode>
          <PostOfficeBox xsi:nil="true"></PostOfficeBox>
          <PrimaryContactName xsi:nil="true"></PrimaryContactName>
          <ShippingMethodCode>1</ShippingMethodCode>
          <StateOrProvince xsi:nil="true"></StateOrProvince>
          <Telephone1 xsi:nil="true"></Telephone1>
          <Telephone2 xsi:nil="true"></Telephone2>
          <Telephone3 xsi:nil="true"></Telephone3>
          <TimeZoneRuleVersionNumber xsi:nil="true"></TimeZoneRuleVersionNumber>
          <UPSZone xsi:nil="true"></UPSZone>
          <UTCOffset xsi:nil="true"></UTCOffset>
          <UTCConversionTimeZoneCode xsi:nil="true"></UTCConversionTimeZoneCode>
        </Address>
        <Address>
          <AddressNumber>2</AddressNumber>
          <AddressTypeCode>1</AddressTypeCode>
          <City xsi:nil="true"></City>
          <County xsi:nil="true"></County>
          <Country xsi:nil="true"></Country>
          <Fax xsi:nil="true"></Fax>
          <FreightTermsCode xsi:nil="true"></FreightTermsCode>
          <ImportSequenceNumber xsi:nil="true"></ImportSequenceNumber>
          <Latitude xsi:nil="true"></Latitude>
          <Line1 xsi:nil="true"></Line1>
          <Line2 xsi:nil="true"></Line2>
          <Line3 xsi:nil="true"></Line3>
          <Longitude xsi:nil="true"></Longitude>
          <Name xsi:nil="true"></Name>
          <PostalCode xsi:nil="true"></PostalCode>
          <PostOfficeBox xsi:nil="true"></PostOfficeBox>
          <PrimaryContactName xsi:nil="true"></PrimaryContactName>
          <ShippingMethodCode>1</ShippingMethodCode>
          <StateOrProvince xsi:nil="true"></StateOrProvince>
          <Telephone1 xsi:nil="true"></Telephone1>
          <Telephone2 xsi:nil="true"></Telephone2>
          <Telephone3 xsi:nil="true"></Telephone3>
          <TimeZoneRuleVersionNumber xsi:nil="true"></TimeZoneRuleVersionNumber>
          <UPSZone xsi:nil="true"></UPSZone>
          <UTCOffset xsi:nil="true"></UTCOffset>
          <UTCConversionTimeZoneCode xsi:nil="true"></UTCConversionTimeZoneCode>
        </Address>
      </Addresses>
    </Publisher>
    <RootComponents>
      <RootComponent type="1" schemaName="dyn_batchprocess" behavior="0" />
      <RootComponent type="1" schemaName="dyn_batchprocessactivation" behavior="0" />
      <RootComponent type="1" schemaName="new_publishaudit" behavior="0" />
      <RootComponent type="29" id="{b68b1606-02f2-4d47-954c-4ca6453ba436}" behavior="0" />
      <RootComponent type="29" id="{df590dbb-4203-4a02-bd6e-778d653eefe8}" behavior="0" />
      <RootComponent type="29" id="{fb483394-b82d-408e-9d56-861a1a497617}" behavior="0" />
      <RootComponent type="91" schemaName="ChangeTracking, Version=1.0.0.0, Culture=neutral, PublicKeyToken=d3f16c05b6bb0190" behavior="0" />
      <RootComponent type="91" schemaName="CustomAudit, Version=1.0.0.0, Culture=neutral, PublicKeyToken=b904117eef66b2a2" behavior="0" />
      <RootComponent type="92" id="{b5243391-c85b-e711-8110-3863bb36dd08}" behavior="0" />
      <RootComponent type="92" id="{e863f345-c75b-e711-8115-3863bb363e80}" behavior="0" />
    </RootComponents>
    <MissingDependencies />
  </SolutionManifest>
</ImportExportXml>