<PvsPackageData> 
  <ProviderName>Microsoft</ProviderName> 
  <PackageFile>package.zip</PackageFile> 
  <SolutionAnchorName>ChangeTracking_1_0_managed.zip</SolutionAnchorName> 
  <StartDate>08/07/2017</StartDate> 
  <EndDate>08/07/2021</EndDate> 
  <SupportedCountries>AF,AX,AL,DZ,AS,AD,AO,AI,AQ,AG,AR,AM,AW,AU,AT,AZ,BS,BH,BD,BB,BY,BE,BJ,BM,BT,BO,BA,BW,BV,BR,IO,VG,BN,BG,BF,BI,CV,KH,CM,CA,KY,CF,TD,CL,CN,CX,CC,CO,KM,CG,CK,CR,CI,HR,CU,CW,CY,CZ,DK,DJ,DM,DO,EC,EG,SV,GQ,ER,EE,ET,FK,FO,FJ,FI,FR,GF,PF,TF,GA,GE,DE,GH,GI,GR,GL,GD,GP,GU,GT,GG,GN,GW,GY,HT,HM,HN,HK,HU,IS,IN,ID,IR,IQ,IE,IM,IL,IT,JP,JE,JO,KZ,KE,KI,KR,KW,KG,LA,LV,LB,LS,LR,LY,LI,LT,LU,MO,MK,MG,MW,MY,MV,ML,MT,MH,MQ,MU,YT,MX,FM,MD,MC,MN,ME,MS,MA,MZ,MM,NA,NR,NP,NL,NC,NZ,NI,NE,NG,NU,NF,MP,NO,OM,PK,PW,PA,PG,PY,PE,PH,PN,PL,PT,PR,QA,RE,RO,RU,RW,BL,KN,LC,MF,PM,VC,WS,SM,ST,SA,SN,RS,SC,SL,SK,SI,SB,SO,ZA,GS,ES,LK,SH,SD,SR,SJ,SZ,SE,CH,SY,TW,TJ,TZ,TH,TL,TG,TK,TO,TT,TN,TR,TM,TV,UM,VI,UG,UA,AE,GB,US,UY,UZ,VU,VA,VE,VN,WF,YE,ZM,ZW</SupportedCountries>
  <LearnMoreLink>http://www.microsoft.com</LearnMoreLink> 
  <Locales> 
    <PackageLocale Code="1033" IsDefault="true"> 
       <Logo>Change_Tracking_32.png</Logo> 
       <Terms> 
         <PackageTerm File="TermsOfUse.html" /> 
       </Terms> 
    </PackageLocale> 
  </Locales> 
</PvsPackageData>
